aacode,Farnatur,Felorien,Felcavff,Felpvlf,Felpvrf,Felpvbf,Felsolff,Felsollf,Felsolrf,Felsolbf,Felcav_shcs,Felext_shcs,Felpv_shcs,Felsol_shcs,Findisty,dblglaz4,NRmsEHS,NRms2a,NRms4,NRms5,hhcompx,imd1010,wallinsy,Felroofp,CERTpriority,WFG_preApr11,sap12
BEIS01,,,,,,,,,,,,,,,,,,,,,,,,,,,
BEIS02,,,,,,,,,,,,,,,,,,,,,,,,,,,
BEIS03,,,,,,,,,,,,,,,,,,,,,,,,,,,
BEIS04,,,,,,,,,,,,,,,,,,,,,,,,,,,
BEIS05,,,,,,,,,,,,,,,,,,,,,,,,,,,
BEIS06,,,,,,,,,,,,,,,,,,,,,,,,,,,
BEIS07,,,,,,,,,,,,,,,,,,,,,,,,,,,
BEIS08,,,,,,,,,,,,,,,,,,,,,,,,,,,
BEIS09,,,,,,,,,,,,,,,,,,,,,,,,,,,
BEIS10,,,,,,,,,,,,,,,,,,,,,,,,,,,
BEIS11,,,,,,,,,,,,,,,,,,,,,,,,,,,
BEIS12,,,,,,,,,,,,,,,,,,,,,,,,,,,
BEIS13,,,,,,,,,,,,,,,,,,,,,,,,,,,
BEIS14,,,,,,,,,,,,,,,,,,,,,,,,,,,
BEIS15,,,,,,,,,,,,,,,,,,,,,,,,,,,
BEIS16,,,,,,,,,,,,,,,,,,,,,,,,,,,
BEIS17,,,,,,,,,,,,,,,,,,,,,,,,,,,
BEIS18,,,,,,,,,,,,,,,,,,,,,,,,,,,
BEIS19,,,,,,,,,,,,,,,,,,,,,,,,,,,
BEIS20,,,,,,,,,,,,,,,,,,,,,,,,,,,
BEIS21,,,,,,,,,,,,,,,,,,,,,,,,,,,
BEIS22,,,,,,,,,,,,,,,,,,,,,,,,,,,
BEIS23,,,,,,,,,,,,,,,,,,,,,,,,,,,
BEIS24,,,,,,,,,,,,,,,,,,,,,,,,,,,
BEIS25,,,,,,,,,,,,,,,,,,,,,,,,,,,
BEIS26,,,,,,,,,,,,,,,,,,,,,,,,,,,
BEIS27,,,,,,,,,,,,,,,,,,,,,,,,,,,
BEIS28,,,,,,,,,,,,,,,,,,,,,,,,,,,
BEIS29,,,,,,,,,,,,,,,,,,,,,,,,,,,
BEIS30,,,,,,,,,,,,,,,,,,,,,,,,,,,
BEIS31,,,,,,,,,,,,,,,,,,,,,,,,,,,
BEIS32,,,,,,,,,,,,,,,,,,,,,,,,,,,
BEIS33,,,,,,,,,,,,,,,,,,,,,,,,,,,
BEIS34,,,,,,,,,,,,,,,,,,,,,,,,,,,
BEIS35,,,,,,,,,,,,,,,,,,,,,,,,,,,
BEIS36,,,,,,,,,,,,,,,,,,,,,,,,,,,
BEIS37,,,,,,,,,,,,,,,,,,,,,,,,,,,
BEIS38,,,,,,,,,,,,,,,,,,,,,,,,,,,
BEIS39,,,,,,,,,,,,,,,,,,,,,,,,,,,
BEIS40,,,,,,,,,,,,,,,,,,,,,,,,,,,
BEIS41,,,,,,,,,,,,,,,,,,,,,,,,,,,
BEIS42,,,,,,,,,,,,,,,,,,,,,,,,,,,
BEIS43,,,,,,,,,,,,,,,,,,,,,,,,,,,
BEIS44,,,,,,,,,,,,,,,,,,,,,,,,,,,
BEIS45,,,,,,,,,,,,,,,,,,,,,,,,,,,
BEIS46,,,,,,,,,,,,,,,,,,,,,,,,,,,
BEIS47,,,,,,,,,,,,,,,,,,,,,,,,,,,
BEIS48,,,,,,,,,,,,,,,,,,,,,,,,,,,
BEIS49,,,,,,,,,,,,,,,,,,,,,,,,,,,
BEIS50,,,,,,,,,,,,,,,,,,,,,,,,,,,
BEIS51,,,,,,,,,,,,,,,,,,,,,,,,,,,
BEIS52,,,,,,,,,,,,,,,,,,,,,,,,,,,
BEIS53,,,,,,,,,,,,,,,,,,,,,,,,,,,
BEIS54,,,,,,,,,,,,,,,,,,,,,,,,,,,
BEIS55,,,,,,,,,,,,,,,,,,,,,,,,,,,
BEIS56,,,,,,,,,,,,,,,,,,,,,,,,,,,
BEIS57,,,,,,,,,,,,,,,,,,,,,,,,,,,
BEIS58,,,,,,,,,,,,,,,,,,,,,,,,,,,
BEIS59,,,,,,,,,,,,,,,,,,,,,,,,,,,
BEIS60,,,,,,,,,,,,,,,,,,,,,,,,,,,
BEIS61,,,,,,,,,,,,,,,,,,,,,,,,,,,
BEIS62,,,,,,,,,,,,,,,,,,,,,,,,,,,
BEIS63,,,,,,,,,,,,,,,,,,,,,,,,,,,
BEIS64,,,,,,,,,,,,,,,,,,,,,,,,,,,
BEIS65,,,,,,,,,,,,,,,,,,,,,,,,,,,
BEIS66,,,,,,,,,,,,,,,,,,,,,,,,,,,
BEIS67,,,,,,,,,,,,,,,,,,,,,,,,,,,
BEIS68,,,,,,,,,,,,,,,,,,,,,,,,,,,
BEIS69,,,,,,,,,,,,,,,,,,,,,,,,,,,
BEIS70,,,,,,,,,,,,,,,,,,,,,,,,,,,
BEIS71,,,,,,,,,,,,,,,,,,,,,,,,,,,
BEIS72,,,,,,,,,,,,,,,,,,,,,,,,,,,
BEIS73,,,,,,,,,,,,,,,,,,,,,,,,,,,
BEIS74,,,,,,,,,,,,,,,,,,,,,,,,,,,
BEIS75,,,,,,,,,,,,,,,,,,,,,,,,,,,
BEIS76,,,,,,,,,,,,,,,,,,,,,,,,,,,
BEIS77,,,,,,,,,,,,,,,,,,,,,,,,,,,
BEIS78,,,,,,,,,,,,,,,,,,,,,,,,,,,
BEIS79,,,,,,,,,,,,,,,,,,,,,,,,,,,
BEIS80,,,,,,,,,,,,,,,,,,,,,,,,,,,
BEIS81,,,,,,,,,,,,,,,,,,,,,,,,,,,
BEIS82,,,,,,,,,,,,,,,,,,,,,,,,,,,
BEIS83,,,,,,,,,,,,,,,,,,,,,,,,,,,
BEIS84,,,,,,,,,,,,,,,,,,,,,,,,,,,
BEIS85,,,,,,,,,,,,,,,,,,,,,,,,,,,
BEIS86,,,,,,,,,,,,,,,,,,,,,,,,,,,
BEIS87,,,,,,,,,,,,,,,,,,,,,,,,,,,
BEIS88,,,,,,,,,,,,,,,,,,,,,,,,,,,
BEIS89,,,,,,,,,,,,,,,,,,,,,,,,,,,
BEIS90,,,,,,,,,,,,,,,,,,,,,,,,,,,
